https://www.educative.io/blog/great-web-apis-for-web-development  , https://www.educative.io/v2api/editorpage/5926519467933696/image/5044018524454912
https://www.educative.io/blog/sql-vs-nosql-choosing-a-database  , https://www.educative.io/v2api/editorpage/6205927223197696/image/6101424025108480 
https://www.educative.io/blog/top-programming-languages  , https://www.educative.io/v2api/editorpage/4624037953404928/image/5509160919891968 
https://www.educative.io/blog/why-i-became-a-frontend-dev  , https://www.educative.io/v2api/editorpage/5163790922678272/image/6528602911014912 
https://www.educative.io/blog/distributed-systems-helped-pandemic  , https://www.educative.io/v2api/editorpage/5458437020581888/image/6396617832005632 
https://www.educative.io/blog/tww-summer-2022  , https://www.educative.io/v2api/editorpage/6493777449713664/image/4584668823552000 
https://www.educative.io/blog/tips-to-build-effective-dev-teams  , https://www.educative.io/v2api/editorpage/4859009490485248/image/5667691820220416 
https://www.educative.io/blog/api-interview-questions  , https://www.educative.io/v2api/editorpage/4862877427302400/image/6651269882314752 
https://www.educative.io/blog/system-analysis-vs-system-design  , https://www.educative.io/v2api/editorpage/6737009886625792/image/5070371340681216 
https://www.educative.io/blog/bassem-marji-how-i-wrote-technical-course-educative , https://www.educative.io/v2api/editorpage/6495466051338240/image/6370207490899968 
https://www.educative.io/blog/educative-webinars , https://www.educative.io/v2api/editorpage/5914643648479232/image/6260071275429888 
https://www.educative.io/blog/best-api-courses , https://www.educative.io/v2api/editorpage/5487503530524672/image/5574345487548416 
https://www.educative.io/blog/top-html-css-courses , https://www.educative.io/v2api/editorpage/6441973844279296/image/6519219334414336 
https://www.educative.io/blog/best-online-javascript-courses , https://www.educative.io/v2api/editorpage/5713982054989824/image/6266764445089792 
https://www.educative.io/blog/how-to-become-a-python-dev , https://www.educative.io/v2api/editorpage/5421145019121664/image/4942814133878784 
https://www.educative.io/blog/educative-answers-contributor-spotlight-idayat-sanni , https://www.educative.io/v2api/editorpage/6358245254103040/image/4564021682634752 
https://www.educative.io/blog/7-top-back-end-languages-web-development , https://www.educative.io/v2api/editorpage/4660989931028480/image/5818438620807168 
https://www.educative.io/blog/educative-reviews , https://www.educative.io/v2api/editorpage/4569637352374272/image/5156209894359040 
https://www.educative.io/blog/become-a-web-magician , https://www.educative.io/v2api/editorpage/4894231015718912/image/5793148024651776 
https://www.educative.io/blog/how-to-become-a-computer-programmer , https://www.educative.io/v2api/editorpage/6476200228945920/image/5893591102914560 
https://www.educative.io/blog/how-to-become-a-front-end-developer , https://www.educative.io/v2api/editorpage/4570568873738240/image/4940727023042560 
https://www.educative.io/blog/essential-tree-traversal-algorithms , https://www.educative.io/v2api/editorpage/6657780557807616/image/6361265142497280 
https://www.educative.io/blog/top-python-web-frameworks , https://www.educative.io/v2api/editorpage/4751020431507456/image/6276632392499200 
https://www.educative.io/blog/how-to-become-a-full-stack-developer , https://www.educative.io/v2api/editorpage/5312468622770176/image/5014465018068992 
https://www.educative.io/blog/educative-promo-code-special-discount , https://www.educative.io/v2api/editorpage/5752027940651008/image/4551834561937408 
https://www.educative.io/blog/practical-data-engineering-skills-and-concepts , https://www.educative.io/v2api/editorpage/6505554904350720/image/5086646691430400 
https://www.educative.io/blog/asymptotic-runtime-complexity-algorithms , https://www.educative.io/v2api/editorpage/4665590656794624/image/5627908939055104 
https://www.educative.io/blog/how-to-become-a-programmer-with-no-degree , https://www.educative.io/v2api/editorpage/5342162231492608/image/5693942383509504 
https://www.educative.io/blog/educative-answers-contributor-osinachi-chukwujama , https://www.educative.io/v2api/editorpage/5174910343446528/image/5725422430191616 
https://www.educative.io/blog/mooc-learning , https://www.educative.io/v2api/editorpage/5483691134681088/image/5505379108913152 
https://www.educative.io/blog/what-is-syntax-in-programming , https://www.educative.io/v2api/editorpage/4599592920547328/image/4505122229190656 
https://www.educative.io/blog/data-engineer-career , https://www.educative.io/v2api/editorpage/5545904004399104/image/5376988309356544 
https://www.educative.io/blog/how-to-become-a-back-end-developer , https://www.educative.io/v2api/editorpage/5449963494703104/image/4857141242626048 
https://www.educative.io/blog/best-front-end-langauages , https://www.educative.io/v2api/editorpage/6493373548724224/image/5581322217324544 
https://www.educative.io/blog/project-management-tips-for-self-taught-devs , https://www.educative.io/v2api/editorpage/5978320472899584/image/5450233003900928 
https://www.educative.io/blog/use-reshaded-for-system-design-interviews , https://www.educative.io/v2api/editorpage/6021271488036864/image/5313937948278784 
https://www.educative.io/blog/basics-of-responsive-web-design , https://www.educative.io/v2api/editorpage/4649553618010112/image/6405002459611136 
https://www.educative.io/blog/system-design-fundamentals-technical-product-managers , https://www.educative.io/v2api/editorpage/4925174359261184/image/5944862564417536 
https://www.educative.io/blog/why-learn-system-design , https://www.educative.io/v2api/editorpage/5480316666118144/image/5811794256068608 
https://www.educative.io/blog/new-to-system-design-where-to-start , https://www.educative.io/v2api/editorpage/4711308402622464/image/4539321027919872 
https://www.educative.io/blog/what-is-data-engineering , https://www.educative.io/v2api/editorpage/5416503981899776/image/6701449212067840 
https://www.educative.io/blog/learn-to-code-critical-thinking , https://www.educative.io/v2api/editorpage/5704283903492096/image/6444122850459648 
https://www.educative.io/blog/how-to-become-a-software-engineer , https://www.educative.io/v2api/editorpage/6407866722549760/image/4893783085023232 
https://www.educative.io/blog/choose-a-web-development-tech-stack , https://www.educative.io/v2api/editorpage/4630115233562624/image/4666198595993600 
https://www.educative.io/blog/tips-learn-game-development , https://www.educative.io/v2api/editorpage/5360480260718592/image/4644154760232960 
https://www.educative.io/blog/essential-sql-commands-database-management , https://www.educative.io/v2api/editorpage/4901612195938304/image/6364023058857984 
https://www.educative.io/blog/how-to-learn-logical-reasoning , https://www.educative.io/v2api/editorpage/6250801546919936/image/6240439804100608 
https://www.educative.io/blog/stackoverflow-dev-survey-key-takeaways-learners , https://www.educative.io/v2api/editorpage/5828415068569600/image/6404173962936320 
https://www.educative.io/blog/declarative-vs-imperative-programming , https://www.educative.io/v2api/editorpage/5244002156937216/image/5702712784322560 
https://www.educative.io/blog/components-of-system-design , https://www.educative.io/v2api/editorpage/4628009290301440/image/6222072678449152 
https://www.educative.io/blog/learn-python-lists-sets-tuples-data-structures , https://www.educative.io/v2api/editorpage/6533172359856128/image/5463322520715264 
https://www.educative.io/blog/think-like-a-programmer , https://www.educative.io/v2api/editorpage/4741421458522112/image/5279513584074752 
https://www.educative.io/blog/how-much-math-do-developers-need , https://www.educative.io/v2api/editorpage/6491174642909184/image/5096689828626432 
https://www.educative.io/blog/six-common-system-design-interview-mistakes , https://www.educative.io/v2api/editorpage/4583943747928064/image/6553947687092224 
https://www.educative.io/blog/compiled-vs-interpreted-language , https://www.educative.io/v2api/editorpage/6416732491350016/image/4780659189219328 
https://www.educative.io/blog/best-paying-jobs-in-tech , https://www.educative.io/v2api/editorpage/6432722226774016/image/6253678394867712 
https://www.educative.io/blog/red-flags-when-interviewing-for-your-first-developer-role , https://www.educative.io/v2api/editorpage/6710444610027520/image/5470418697977856 
https://www.educative.io/blog/computer-science-fundamentals-for-developers , https://www.educative.io/v2api/editorpage/6249436946890752/image/5826133618851840 
https://www.educative.io/blog/top-10-online-python-courses , https://www.educative.io/v2api/editorpage/5087288992464896/image/4570110371299328 
https://www.educative.io/blog/tips-self-taught-developers , https://www.educative.io/v2api/editorpage/6635724191563776/image/6117075953385472 
https://www.educative.io/blog/grokking-modern-system-design , https://www.educative.io/v2api/editorpage/6536552037744640/image/5078111201001472 
https://www.educative.io/blog/functional-programming-vs-oop , https://www.educative.io/v2api/editorpage/4992585986998272/image/5721100822773760 
https://www.educative.io/blog/educative-answers-contributors-global-community-authors , https://www.educative.io/v2api/editorpage/4521952819806208/image/5153394897715200 
https://www.educative.io/blog/r-vs-python-machine-learning , https://www.educative.io/v2api/editorpage/5760706628812800/image/5323757178847232 
https://www.educative.io/blog/learn-to-code-part-time-tips , https://www.educative.io/v2api/editorpage/6344111363981312/image/5997740404506624 
https://www.educative.io/blog/introducing-educative-answers , https://www.educative.io/v2api/editorpage/5965244602253312/image/4688939369889792 
https://www.educative.io/blog/data-storytelling , https://www.educative.io/v2api/editorpage/6740072238153728/image/6386378808229888 
https://www.educative.io/blog/questions-to-ask-before-joining-a-bootcamp , https://www.educative.io/v2api/editorpage/5400433095081984/image/5113736767733760 
https://www.educative.io/blog/5-proven-learning-strategies , https://www.educative.io/v2api/editorpage/5282172231745536/image/6262088884551680 
https://www.educative.io/blog/performance-testing-101-bottlenecks , https://www.educative.io/v2api/editorpage/4559698951143424/image/6519000674861056 
https://www.educative.io/blog/characteristics-outstanding-developer , https://www.educative.io/v2api/editorpage/5516043770658816/image/4904698629062656 
https://www.educative.io/blog/angular-vs-react-javascript , https://www.educative.io/v2api/editorpage/6226084106600448/image/6181215254347776 
https://www.educative.io/blog/software-architecture-diagramming-and-patterns , https://www.educative.io/v2api/editorpage/6704110711865344/image/5168263759921152 
https://www.educative.io/blog/scalable-systems-101 , https://www.educative.io/v2api/editorpage/5722274342895616/image/5530940965388288 
https://www.educative.io/blog/what-is-polymorphism-python , https://www.educative.io/v2api/editorpage/6376197743443968/image/5114436478304256 
https://www.educative.io/blog/cpp-dsp-digital-signal-processing , https://www.educative.io/v2api/editorpage/6382166221258752/image/4970067326664704 
https://www.educative.io/blog/my-coding-philosophy-artist , https://www.educative.io/v2api/editorpage/5491377437933568/image/6218257703108608 
https://www.educative.io/blog/pycaret-machine-learning , https://www.educative.io/v2api/editorpage/5744244442791936/image/6393724515123200 
https://www.educative.io/blog/react-component-class-vs-functional , https://www.educative.io/v2api/editorpage/4980251767865344/image/5778775845634048 
https://www.educative.io/blog/get-started-with-python-debuggers , https://www.educative.io/v2api/editorpage/6604973857308672/image/5274240920322048 
https://www.educative.io/blog/neural-networks-python , https://www.educative.io/v2api/editorpage/5565172475494400/image/4562601782804480 
https://www.educative.io/blog/test-driven-development , https://www.educative.io/v2api/editorpage/5183390550851584/image/6723635415089152 
https://www.educative.io/blog/code-review-best-practices , https://www.educative.io/v2api/editorpage/5442753333035008/image/6741217979400192 
https://www.educative.io/blog/python-libraries-for-data-science-and-machine-learning , https://www.educative.io/v2api/editorpage/6653058306277376/image/4649252588617728 
https://www.educative.io/blog/what-can-python-do-5-applications , https://www.educative.io/v2api/editorpage/5213875431800832/image/5600169689350144 
https://www.educative.io/blog/typescript-vs-javascript-whats-the-difference , https://www.educative.io/v2api/editorpage/5045371785183232/image/6486562523316224 
https://www.educative.io/blog/learn-typescript-classes , https://www.educative.io/v2api/editorpage/6660874140123136/image/5086057674833920 
https://www.educative.io/blog/quantum-computing-basics , https://www.educative.io/v2api/editorpage/6217913711460352/image/4779084903350272 
https://www.educative.io/blog/augmented-reality-beginners-guide , https://www.educative.io/v2api/editorpage/4651946371973120/image/5786951575928832 
https://www.educative.io/blog/educative-vs-leetcode-long-term-growth , https://www.educative.io/v2api/editorpage/4624209708056576/image/6499414239870976 
https://www.educative.io/blog/python-web-scraping-tutorial , https://www.educative.io/v2api/editorpage/4954356663451648/image/4887087744811008 
https://www.educative.io/blog/mongo-db-vs-dynamo-db-nosql-databases , https://www.educative.io/v2api/editorpage/6642029031587840/image/4755794436554752 
https://www.educative.io/blog/python-frameworks-flask-vs-django , https://www.educative.io/v2api/editorpage/6371813831737344/image/4523124582514688 
https://www.educative.io/blog/philosophy-software-development , https://www.educative.io/v2api/editorpage/5664669025173504/image/5208133412847616 
https://www.educative.io/blog/supervised-vs-unsupervised-learning , https://www.educative.io/v2api/editorpage/6597052519153664/image/6469321685729280 
https://www.educative.io/blog/educative-technical-writing-workshop-coding-black-females , https://www.educative.io/v2api/editorpage/6358365684367360/image/4520905493708800 
https://www.educative.io/blog/educative-enterprise-launch , https://www.educative.io/v2api/editorpage/4524669797662720/image/6503139939450880 
https://www.educative.io/blog/why-learn-python , https://www.educative.io/v2api/editorpage/4592578195881984/image/4919567478685696 
https://www.educative.io/blog/unit-testing-best-practices-overview , https://www.educative.io/v2api/editorpage/4732671774687232/image/6705976061460480 
https://www.educative.io/blog/leetcode-vs-educative , https://www.educative.io/v2api/editorpage/5528149814673408/image/5075716583981056 
https://www.educative.io/blog/hercode-negotiating-compensation , https://www.educative.io/v2api/editorpage/6380791788994560/image/6679701581463552 
https://www.educative.io/blog/full-stack-python-developer , https://www.educative.io/v2api/editorpage/5896473996165120/image/6461289576005632 
https://www.educative.io/blog/learn-to-code-personalized-learning-plans , https://www.educative.io/v2api/editorpage/5478473065299968/image/4923799849402368 
https://www.educative.io/blog/balance-software-engineer-mother , https://www.educative.io/v2api/editorpage/5149588847067136/image/6518546405785600 
https://www.educative.io/blog/microservices-interview-questions-and-answers , https://www.educative.io/v2api/editorpage/4796976478027776/image/5659461611421696 
https://www.educative.io/blog/cpp-memory-management , https://www.educative.io/v2api/editorpage/4576367932342272/image/4586717729783808 
https://www.educative.io/blog/top-data-engineer-interview-questions-and-tips , https://www.educative.io/v2api/editorpage/5949664095895552/image/6683298197143552 
https://www.educative.io/blog/hercode-overcoming-imposter-syndrome , https://www.educative.io/v2api/editorpage/5347782478528512/image/5679036763734016 
https://www.educative.io/blog/emhub-launch , https://www.educative.io/v2api/editorpage/5839443969179648/image/5555920695721984 
https://www.educative.io/blog/projects-launch-announcement-build-your-portfolio , https://www.educative.io/v2api/editorpage/6461179098038272/image/5973570320072704 
https://www.educative.io/blog/building-alexa-skills , https://www.educative.io/v2api/editorpage/4605901637419008/image/5806787185344512 
https://www.educative.io/blog/one-million-users-developers , https://www.educative.io/v2api/editorpage/4695945459007488/image/4546304369229824 
https://www.educative.io/blog/being-your-own-role-model-woman-tech , https://www.educative.io/v2api/editorpage/5644922039828480/image/6590840377442304 
https://www.educative.io/blog/netflix-software-engineer-interview , https://www.educative.io/v2api/editorpage/5938051880058880/image/5582325508734976 
https://www.educative.io/blog/coding-best-practices , https://www.educative.io/v2api/editorpage/6462443168989184/image/6429479353712640 
https://www.educative.io/blog/google-behavioral-interview-questions , https://www.educative.io/v2api/editorpage/5014300858515456/image/5719684007067648 
https://www.educative.io/blog/java-8-functional-programming-interview-questions , https://www.educative.io/v2api/editorpage/5298463545229312/image/6425539560079360 
https://www.educative.io/blog/complete-guide-system-design-interview , https://www.educative.io/v2api/editorpage/5200316764520448/image/4717442953117696 
https://www.educative.io/blog/top-40-sql-interview-questions , https://www.educative.io/v2api/editorpage/6072216348786688/image/5401081974095872 
https://www.educative.io/blog/top-java-interview-questions , https://www.educative.io/v2api/editorpage/6216278678700032/image/5777286564937728 
https://www.educative.io/blog/microsoft-interview-coding-questions , https://www.educative.io/v2api/editorpage/5891605843673088/image/6310478048919552 
https://www.educative.io/blog/rest-api-interview-questions , https://www.educative.io/v2api/editorpage/6245698567143424/image/6039888767483904 
https://www.educative.io/blog/individual-contributor-or-engineering-manager , https://www.educative.io/v2api/editorpage/5610311494664192/image/6368192913473536 
https://www.educative.io/blog/c-sharp-vs-java , https://www.educative.io/v2api/editorpage/6521903740616704/image/6133861108416512 
https://www.educative.io/blog/questions-assess-codebase-health-interviews , https://www.educative.io/v2api/editorpage/5881205148352512/image/5456727591354368 
https://www.educative.io/blog/technical-program-manager-interview-guide , https://www.educative.io/v2api/editorpage/4636748910428160/image/5533698975334400 
https://www.educative.io/blog/is-cpp-object-oriented-programming-language , https://www.educative.io/v2api/editorpage/4799241716760576/image/6258566679232512 
https://www.educative.io/blog/developers-institute-educative-technical-writing-workshop , https://www.educative.io/v2api/editorpage/4933597236035584/image/4646317829128192 
https://www.educative.io/blog/strategic-interview-prep , https://www.educative.io/v2api/editorpage/5236218836549632/image/5085789452500992 
https://www.educative.io/blog/get-a-developer-job-you-love , https://www.educative.io/v2api/editorpage/5334531275489280/image/5187256310038528 
https://www.educative.io/blog/introduction-metaprogramming-elixir , https://www.educative.io/v2api/editorpage/5325271191781376/image/4998448692068352 
https://www.educative.io/blog/elixir-functional-programming , https://www.educative.io/v2api/editorpage/6426448461561856/image/5007090753470464 
https://www.educative.io/blog/log4shell-takeaways-developers-2022 , https://www.educative.io/v2api/editorpage/5932992890929152/image/5768022542778368 
https://www.educative.io/blog/2022-tech-trends , https://www.educative.io/v2api/editorpage/6701855589007360/image/4618627470327808 
https://www.educative.io/blog/cpp-c-plus-plus-commands-beginner , https://www.educative.io/v2api/editorpage/6261995724079104/image/5028470048686080 
https://www.educative.io/blog/reverse-linked-list-cpp-tutorial , https://www.educative.io/v2api/editorpage/5293356548096000/image/6191760246308864 
https://www.educative.io/blog/best-first-programming-language , https://www.educative.io/v2api/editorpage/6285335247454208/image/4525024647577600 
https://www.educative.io/blog/cpp-data-structures-interview-prep , https://www.educative.io/v2api/editorpage/6022915262251008/image/4991336293335040 
https://www.educative.io/blog/cpp-game-development , https://www.educative.io/v2api/editorpage/4525398611722240/image/5814090831757312 
https://www.educative.io/blog/learn-cpp-for-2022 , https://www.educative.io/v2api/editorpage/6501650235129856/image/4813122564521984 
https://www.educative.io/blog/pass-array-to-function-c-plus-plus , https://www.educative.io/v2api/editorpage/5240562315165696/image/6321132533186560 
https://www.educative.io/blog/sarah-daniels-cco-cody-lamens-vp-sales-press-release , https://www.educative.io/v2api/editorpage/6565438124720128/image/4955563988877312 
https://www.educative.io/blog/sarah-daniels-chief-content-officer-cco , https://www.educative.io/v2api/editorpage/5068495187869696/image/6674422651420672 
https://www.educative.io/blog/complete-guide-to-system-design , https://www.educative.io/v2api/editorpage/5388040352038912/image/5899459380117504 
https://www.educative.io/blog/difference-between-c-sharp-and-c-plus-plus , https://www.educative.io/v2api/editorpage/6527981983367168/image/5974652244983808 
https://www.educative.io/blog/how-to-prepare-system-design-interview , https://www.educative.io/v2api/editorpage/6299652554489856/image/6300938762977280 
https://www.educative.io/blog/facebook-system-design-interview , https://www.educative.io/v2api/editorpage/5894449544036352/image/6297473638727680 
https://www.educative.io/blog/deloitte-technology-fast-500-fastest-growing-companies-2021 , https://www.educative.io/v2api/editorpage/6227700217282560/image/6172840264466432 
https://www.educative.io/blog/java-build-tools-maven-vs-gradle , https://www.educative.io/v2api/editorpage/5822448913612800/image/4657966980005888 
https://www.educative.io/blog/best-javascript-ides-code-editors , https://www.educative.io/v2api/editorpage/5782740263239680/image/5892442284359680 
https://www.educative.io/blog/what-is-cap-theorem , https://www.educative.io/v2api/editorpage/5341118304092160/image/5901112548261888 
https://www.educative.io/blog/common-mistakes-python-programmers-how-to-fix , https://www.educative.io/v2api/editorpage/4522867357646848/image/5429416959672320 
https://www.educative.io/blog/http-cookies , https://www.educative.io/v2api/editorpage/5012590601699328/image/5821048469061632 
https://www.educative.io/blog/what-is-multi-cloud , https://www.educative.io/v2api/editorpage/5245246966857728/image/5916272860069888 
https://www.educative.io/blog/swift-programming , https://www.educative.io/v2api/editorpage/6287213280624640/image/6294056757362688 
https://www.educative.io/blog/coding-interview , https://www.educative.io/v2api/editorpage/5760776280735744/image/4511835532820480 
https://www.educative.io/blog/what-is-ci-cd-devops , https://www.educative.io/v2api/editorpage/4600496643375104/image/4627704590106624 
https://www.educative.io/blog/what-is-hadoop-big-data , https://www.educative.io/v2api/editorpage/6703901169942528/image/4975128649138176 
https://www.educative.io/blog/top-courses-2021 , https://www.educative.io/v2api/editorpage/5082632351645696/image/5713118289723392 
https://www.educative.io/blog/what-is-virtualization , https://www.educative.io/v2api/editorpage/4696987378647040/image/6566743536828416 
https://www.educative.io/blog/top-five-aws-courses , https://www.educative.io/v2api/editorpage/6291676254961664/image/6148402588418048 
https://www.educative.io/blog/frontend-vs-backend-development , https://www.educative.io/v2api/editorpage/5266216165310464/image/5960703720030208 
https://www.educative.io/blog/java-vs-javascript , https://www.educative.io/v2api/editorpage/4819591273906176/image/6370953191227392 
https://www.educative.io/blog/educative-assessments , https://www.educative.io/v2api/editorpage/5135077173886976/image/5446800330194944 
https://www.educative.io/blog/educative-technical-writing-competition-winners-decagon , https://www.educative.io/v2api/editorpage/6026793888251904/image/6606268292136960 
https://www.educative.io/blog/edpresso-technical-writing-competition-winners-yaaw , https://www.educative.io/v2api/editorpage/5331342893514752/image/4880043391582208 
https://www.educative.io/blog/python-array-tutorial , https://www.educative.io/v2api/editorpage/6012155633074176/image/5085802893148160 
https://www.educative.io/blog/css-background-tutorial , https://www.educative.io/v2api/editorpage/5607144218427392/image/6649232804544512 
https://www.educative.io/blog/go-card-game-tutorial , https://www.educative.io/v2api/editorpage/5403188804452352/image/5355691130224640 
https://www.educative.io/blog/numpy-matrix-multiplication , https://www.educative.io/v2api/editorpage/5899484489318400/image/6536930214281216 
https://www.educative.io/blog/effective-technical-interviews , https://www.educative.io/v2api/editorpage/6583703750311936/image/5765051878735872 
https://www.educative.io/blog/best-cpp-ides-code-editors , https://www.educative.io/v2api/editorpage/6214715761491968/image/5849790912397312 
https://www.educative.io/blog/coding-for-social-good , https://www.educative.io/v2api/editorpage/6559118250213376/image/5837449743302656 
https://www.educative.io/blog/css-text-color-font , https://www.educative.io/v2api/editorpage/6444232488779776/image/6749170150408192 
https://www.educative.io/blog/creating-a-course , https://www.educative.io/v2api/editorpage/5727338525884416/image/6171531811487744 
https://www.educative.io/blog/static-ip-vs-dynamic-ip , https://www.educative.io/v2api/editorpage/4990333747724288/image/5065790618861568 
https://www.educative.io/blog/intro-to-quantum-computing , https://www.educative.io/v2api/editorpage/4782824147648512/image/5225687989878784 
https://www.educative.io/blog/educative-inc-5000-fastest-growing-companies-america , https://www.educative.io/v2api/editorpage/5824334658011136/image/4620801136918528 
https://www.educative.io/blog/agile-in-large-enterprises , https://www.educative.io/v2api/editorpage/5279079634305024/image/4952295705411584 
https://www.educative.io/blog/python-pep8-tutorial , https://www.educative.io/v2api/editorpage/4900830756470784/image/6519207182729216 
https://www.educative.io/blog/hexagonal-architecture-tutorial , https://www.educative.io/v2api/editorpage/6489003596972032/image/6597332369408000 
https://www.educative.io/blog/clean-architecture-tutorial , https://www.educative.io/v2api/editorpage/5018549422129152/image/5797897779544064 
https://www.educative.io/blog/top-40-docker-interview-questions , https://www.educative.io/v2api/editorpage/6049312045268992/image/5815777829060608 
https://www.educative.io/blog/crack-aws-certification-exam , https://www.educative.io/v2api/editorpage/5961566333173760/image/4871561414180864 
https://www.educative.io/blog/effective-software-engineering-manager , https://www.educative.io/v2api/editorpage/5088829079289856/image/4846296101289984 
https://www.educative.io/blog/tensorflow-js-tutorial , https://www.educative.io/v2api/editorpage/5212858306002944/image/5279768863309824 
https://www.educative.io/blog/cloud-native-interview , https://www.educative.io/v2api/editorpage/5207419166130176/image/6693717630517248 
https://www.educative.io/blog/what-is-an-api , https://www.educative.io/v2api/editorpage/5265187717775360/image/5219355517779968 
https://www.educative.io/blog/top-react-native-interview-questions , https://www.educative.io/v2api/editorpage/5312174089568256/image/5408622076493824 
https://www.educative.io/blog/learning-company-api , https://www.educative.io/v2api/editorpage/5820363411292160/image/5273178001113088 
https://www.educative.io/blog/customizable-onboarding , https://www.educative.io/v2api/editorpage/5057223690027008/image/5037743966519296 
https://www.educative.io/blog/beginner-kafka-tutorial , https://www.educative.io/v2api/editorpage/4914540866699264/image/5531570699501568 
https://www.educative.io/blog/power-of-data , https://www.educative.io/v2api/editorpage/5155128744607744/image/6668813010993152 
https://www.educative.io/blog/ageism-in-tech , https://www.educative.io/v2api/editorpage/5559532312330240/image/5500932013424640 
https://www.educative.io/blog/anomaly-detection-algorithms-tutorial , https://www.educative.io/v2api/editorpage/4554959024029696/image/5179389689462784 
https://www.educative.io/blog/top-post-pandemic-skills , https://www.educative.io/v2api/editorpage/5969317826396160/image/6064904940814336 
https://www.educative.io/blog/distributed-software-developers , https://www.educative.io/v2api/editorpage/5460489292742656/image/5114318888108032 
https://www.educative.io/blog/deep-vs-machine-learning , https://www.educative.io/v2api/editorpage/6212454918389760/image/6671836433088512 
https://www.educative.io/blog/python-fastapi-tutorial , https://www.educative.io/v2api/editorpage/5017267097567232/image/6035834093961216 
https://www.educative.io/blog/full-stack-vs-specialized-developers , https://www.educative.io/v2api/editorpage/5704467804061696/image/4582642118295552 
https://www.educative.io/blog/mongodb-with-docker , https://www.educative.io/v2api/editorpage/5341685371895808/image/6602492952969216 
https://www.educative.io/blog/python3-coding-challenges , https://www.educative.io/v2api/editorpage/5729014112583680/image/4590109715857408 
https://www.educative.io/blog/knock-down-roadblocks , https://www.educative.io/v2api/editorpage/4872746481221632/image/5093546924703744 
https://www.educative.io/blog/python-jupyter-notebook , https://www.educative.io/v2api/editorpage/4852728947277824/image/5266905125879808 
https://www.educative.io/blog/beginners-guide-to-docker , https://www.educative.io/v2api/editorpage/6261849600819200/image/5772098271707136 
https://www.educative.io/blog/advanced-d3-tutorial , https://www.educative.io/v2api/editorpage/5140733616455680/image/4996381460135936 
https://www.educative.io/blog/d3-js-tutorial-bar-chart , https://www.educative.io/v2api/editorpage/4710424198512640/image/5169383246135296 
https://www.educative.io/blog/use-case-for-blockchain , https://www.educative.io/v2api/editorpage/6451532804915200/image/6220431620571136 
https://www.educative.io/blog/rx-js-angular , https://www.educative.io/v2api/editorpage/5517778930368512/image/6205698674786304 
https://www.educative.io/blog/upskilling-habit , https://www.educative.io/v2api/editorpage/5261147806105600/image/4889185619542016 
https://www.educative.io/blog/relational-database-deep-dive , https://www.educative.io/v2api/editorpage/6327563221204992/image/6387290177273856 
https://www.educative.io/blog/crack-gcp-certification-exam , https://www.educative.io/v2api/editorpage/6566233614319616/image/4919858396921856 
https://www.educative.io/blog/pride-month-gender-neutral-tutorials , https://www.educative.io/v2api/editorpage/6606406121160704/image/5654648213471232 
https://www.educative.io/blog/3-reasons-startups-fail , https://www.educative.io/v2api/editorpage/4619590186827776/image/5886256640163840 
https://www.educative.io/blog/intro-to-ruby-tutorial , https://www.educative.io/v2api/editorpage/5504476661678080/image/6686266706362368 
https://www.educative.io/blog/aerospace-programmer-roadmap , https://www.educative.io/v2api/editorpage/4734253331382272/image/4543523363225600 
https://www.educative.io/blog/five-things-i-wish-id-known-about-git , https://www.educative.io/v2api/editorpage/5126632550957056/image/6684862724964352 
https://www.educative.io/blog/three-overlooked-api-features , https://www.educative.io/v2api/editorpage/6120993178779648/image/5071720219672576 
https://www.educative.io/blog/health-and-wellness , https://www.educative.io/v2api/editorpage/5439753011331072/image/6614712621465600 
https://www.educative.io/blog/leetcode-interview-prep , https://www.educative.io/v2api/editorpage/5541584085450752/image/4662956468469760 
https://www.educative.io/blog/git-branching-tutorial , https://www.educative.io/v2api/editorpage/5228492260638720/image/5030413670547456 
https://www.educative.io/blog/distributed-system-design-patterns , https://www.educative.io/v2api/editorpage/6270804688371712/image/6278197333721088 
https://www.educative.io/blog/canvas-animations-in-javascript , https://www.educative.io/v2api/editorpage/4957094048956416/image/4988111094808576 
https://www.educative.io/blog/unusual-uses-of-ai , https://www.educative.io/v2api/editorpage/4686652675457024/image/4742671766126592 
https://www.educative.io/blog/embrace-nfts , https://www.educative.io/v2api/editorpage/5216059437613056/image/5981463264100352 
https://www.educative.io/blog/ruby-array-methods , https://www.educative.io/v2api/editorpage/5209204535590912/image/6403345835622400 
https://www.educative.io/blog/design-patterns-c-sharp , https://www.educative.io/v2api/editorpage/4561280063504384/image/5617542410797056 
https://www.educative.io/blog/what-are-rest-apis , https://www.educative.io/v2api/editorpage/4519200675069952/image/5464766129111040 
https://www.educative.io/blog/educative-series-a-announcement , https://www.educative.io/v2api/editorpage/5737295594913792/image/4705256829616128 
https://www.educative.io/blog/tech-jobs-in-space-travel , https://www.educative.io/v2api/editorpage/5011758513651712/image/5646279131004928 
https://www.educative.io/blog/scaling-data-analytics , https://www.educative.io/v2api/editorpage/6668396538626048/image/6476837460377600 
https://www.educative.io/blog/typescript-enum-guide , https://www.educative.io/v2api/editorpage/5117796759896064/image/4934393418743808 
https://www.educative.io/blog/what-is-cpp-vector , https://www.educative.io/v2api/editorpage/4970590379704320/image/6748077661093888 
https://www.educative.io/blog/javascript-tutorial-build-tetris , https://www.educative.io/v2api/editorpage/5316441614581760/image/5403879766753280 
https://www.educative.io/blog/hardest-coding-interview-questions , https://www.educative.io/v2api/editorpage/4543592599650304/image/4550083016654848 
https://www.educative.io/blog/bytesize-quantum-computing , https://www.educative.io/v2api/editorpage/5304614012846080/image/6316065473167360 
https://www.educative.io/blog/departmental-dilemma , https://www.educative.io/v2api/editorpage/5338308115169280/image/6495808898203648 
https://www.educative.io/blog/top-react-mistakes , https://www.educative.io/v2api/editorpage/5483945154576384/image/4792264360984576 
https://www.educative.io/blog/advanced-yaml-syntax-cheatsheet , https://www.educative.io/v2api/editorpage/4715144934850560/image/5034333214081024 
https://www.educative.io/blog/spring-framework-tutorial , https://www.educative.io/v2api/editorpage/5669828520574976/image/6296864620544000 
https://www.educative.io/blog/code-refresh-for-tenured-directors , https://www.educative.io/v2api/editorpage/6691662443577344/image/6047201736785920 
https://www.educative.io/blog/blockchain-future-uses , https://www.educative.io/v2api/editorpage/4711374054227968/image/5121945522143232 
https://www.educative.io/blog/what-are-java-collections , https://www.educative.io/v2api/editorpage/5582979315793920/image/5133738185326592 
https://www.educative.io/blog/what-is-data-cleaning , https://www.educative.io/v2api/editorpage/4813569110048768/image/4504520929837056 
https://www.educative.io/blog/react-instagram-tutorial , https://www.educative.io/v2api/editorpage/6383346068750336/image/5812021063319552 
https://www.educative.io/blog/10-jobs-for-junior-developers , https://www.educative.io/v2api/editorpage/5077643093868544/image/6290255638953984 
https://www.educative.io/blog/top-vscode-extensions , https://www.educative.io/v2api/editorpage/5545322485383168/image/4693430058352640 
https://www.educative.io/blog/bytesize-accidental-discoveries-in-programming , https://www.educative.io/v2api/editorpage/6445067642863616/image/5088936886534144 
https://www.educative.io/blog/what-is-javascript-map , https://www.educative.io/v2api/editorpage/6187788733513728/image/5940413934862336 
https://www.educative.io/blog/the-weakest-link , https://www.educative.io/v2api/editorpage/5636758044147712/image/6161233948966912 
https://www.educative.io/blog/intro-apache-airflow , https://www.educative.io/v2api/editorpage/5560468863713280/image/6242079636717568 
https://www.educative.io/blog/ionic-framework-v4p , https://www.educative.io/v2api/editorpage/5610692198006784/image/6728593198022656 
https://www.educative.io/blog/mean-stack-vs-lamp-stack , https://www.educative.io/v2api/editorpage/5080849245011968/image/5221254628376576 
https://www.educative.io/blog/ruby-tutorial-python-programmer , https://www.educative.io/v2api/editorpage/5228253411803136/image/5648020966735872 
https://www.educative.io/blog/ansible-for-beginners , https://www.educative.io/v2api/editorpage/5017398770401280/image/5607644146958336 
https://www.educative.io/blog/candidate-first-hiring-process , https://www.educative.io/v2api/editorpage/5467371739807744/image/6457714543165440 
https://www.educative.io/blog/best-java-ides-2021 , https://www.educative.io/v2api/editorpage/4926976689700864/image/4773424159784960 
https://www.educative.io/blog/docker-with-rails , https://www.educative.io/v2api/editorpage/5312687133687808/image/6079416474533888 
https://www.educative.io/blog/salary-negotiation-tips-for-software-developers , https://www.educative.io/v2api/editorpage/5648256317521920/image/5535529632792576 
https://www.educative.io/blog/ace-coding-interview , https://www.educative.io/v2api/editorpage/4968403243106304/image/6083050117529600 
https://www.educative.io/blog/connected-team-covid , https://www.educative.io/v2api/editorpage/5593469949575168/image/4787763847626752 
https://www.educative.io/blog/product-management-lifecycle , https://www.educative.io/v2api/editorpage/5939794050285568/image/5778950410731520 
https://www.educative.io/blog/crud-operations , https://www.educative.io/v2api/editorpage/6598730818519040/image/6322773582938112 
https://www.educative.io/blog/tpm-roadmap , https://www.educative.io/v2api/editorpage/6124532404846592/image/6585364662190080 
https://www.educative.io/blog/css-flexbox , https://www.educative.io/v2api/editorpage/5666365996793856/image/5491136649494528 
https://www.educative.io/blog/top-java-mistakes , https://www.educative.io/v2api/editorpage/5836635898380288/image/4680454240731136 
https://www.educative.io/blog/javascript-map-set , https://www.educative.io/v2api/editorpage/5872961607696384/image/6720557347766272 
https://www.educative.io/blog/top-50-typescript-interview-questions , https://www.educative.io/v2api/editorpage/6437554453217280/image/6253062589513728 
https://www.educative.io/blog/kotlin-tutorial-for-java-developers , https://www.educative.io/v2api/editorpage/4531275078041600/image/4594270655217664 
https://www.educative.io/blog/apple-coding-interview-questions , https://www.educative.io/v2api/editorpage/5035215821471744/image/4770492223848448 
https://www.educative.io/blog/php-arrays-tutorial , https://www.educative.io/v2api/editorpage/5098853311709184/image/6317877068562432 
https://www.educative.io/blog/nextjs-tutorial-examples , https://www.educative.io/v2api/editorpage/6452289848475648/image/5294398307303424 
https://www.educative.io/blog/yaml-tutorial , https://www.educative.io/v2api/editorpage/5931746623750144/image/5992604867493888 
https://www.educative.io/blog/startup-advice-build-diverse-engineering-team , https://www.educative.io/v2api/editorpage/6584816567320576/image/6548500437794816 
https://www.educative.io/blog/bitwise-and-javascript , https://www.educative.io/v2api/editorpage/6663653779046400/image/6540875126013952 
https://www.educative.io/blog/how-to-become-product-manager , https://www.educative.io/v2api/editorpage/5926995685277696/image/5738030680244224 
https://www.educative.io/blog/scala-tutorial-for-java-programmers , https://www.educative.io/v2api/editorpage/6123376890871808/image/5435684981047296 
https://www.educative.io/blog/microservices-in-azure , https://www.educative.io/v2api/editorpage/6079399500185600/image/5543949765181440 
https://www.educative.io/blog/50-golang-interview-questions , https://www.educative.io/v2api/editorpage/5353896443117568/image/5870058377576448 
https://www.educative.io/blog/learning-development-trends , https://www.educative.io/v2api/editorpage/4936010767532032/image/6291349236613120 
https://www.educative.io/blog/change-software-track , https://www.educative.io/v2api/editorpage/6453027832070144/image/5261713224499200 
https://www.educative.io/blog/ruby-best-practices , https://www.educative.io/v2api/editorpage/5145541472681984/image/6113122710978560 
https://www.educative.io/blog/bit-manipulation-in-java , https://www.educative.io/v2api/editorpage/6385864710553600/image/4525516369952768 
https://www.educative.io/blog/top-45-c-sharp-data-structure-questions , https://www.educative.io/v2api/editorpage/5255443377553408/image/6451781821792256 
https://www.educative.io/blog/become-golang-developer , https://www.educative.io/v2api/editorpage/5143839726108672/image/5395289693749248 
https://www.educative.io/blog/html-tables , https://www.educative.io/v2api/editorpage/6475244221497344/image/5201528837636096 
https://www.educative.io/blog/crack-coding-interview-real-world-problems , https://www.educative.io/v2api/editorpage/5004392908980224/image/5222441922592768 
https://www.educative.io/blog/pytorch-tutorial , https://www.educative.io/v2api/editorpage/6109894808174592/image/4642741764489216 
https://www.educative.io/blog/spring-webflux-tutorial , https://www.educative.io/v2api/editorpage/5408083294027776/image/5197974802530304 
https://www.educative.io/blog/womens-history-month-tech , https://www.educative.io/v2api/editorpage/4901895125073920/image/5805470713905152 
https://www.educative.io/blog/rust-vs-cpp , https://www.educative.io/v2api/editorpage/5316335142174720/image/4582275537174528 
https://www.educative.io/blog/haskell-tutorial , https://www.educative.io/v2api/editorpage/5956696277516288/image/5226429631954944 
https://www.educative.io/blog/typescript-interfaces , https://www.educative.io/v2api/editorpage/6597656057479168/image/6484505412501504 
https://www.educative.io/blog/materialized-view-introduction , https://www.educative.io/v2api/editorpage/5663456596852736/image/5187727144779776 
https://www.educative.io/blog/developer-new-tech-updates , https://www.educative.io/v2api/editorpage/5825849847185408/image/5540796491628544 
https://www.educative.io/blog/why-amazon-interview-question , https://www.educative.io/v2api/editorpage/6453677361987584/image/5108556804653056 
https://www.educative.io/blog/facebook-data-scientist-interview , https://www.educative.io/v2api/editorpage/5516322224472064/image/5564161717698560 
https://www.educative.io/blog/8-python-data-structures , https://www.educative.io/v2api/editorpage/4827483893923840/image/5416967886864384 
https://www.educative.io/blog/scaling-in-python , https://www.educative.io/v2api/editorpage/6677627190902784/image/5130333245145088 
https://www.educative.io/blog/intro-human-computer-interaction , https://www.educative.io/v2api/editorpage/5468456021917696/image/5773342865358848 
https://www.educative.io/blog/sql-server-tips , https://www.educative.io/v2api/editorpage/5458386705973248/image/5312984983797760 
https://www.educative.io/blog/one-hot-encoding , https://www.educative.io/v2api/editorpage/5882824836513792/image/5373444533780480 
https://www.educative.io/blog/best-python-ides-ce-2021 , https://www.educative.io/v2api/editorpage/5195696842473472/image/6153621652111360 
https://www.educative.io/blog/angular-routing-guide , https://www.educative.io/v2api/editorpage/5090971287552000/image/5288465694982144 
https://www.educative.io/blog/how-to-honor-black-history-month , https://www.educative.io/v2api/editorpage/5088918695837696/image/6387585532821504 
https://www.educative.io/blog/dart-tips-tricks , https://www.educative.io/v2api/editorpage/4978823316111360/image/4611485232267264 
https://www.educative.io/blog/ruby-on-rails , https://www.educative.io/v2api/editorpage/4531631656796160/image/4539982717386752 
https://www.educative.io/blog/tree-traversal-algorithms , https://www.educative.io/v2api/editorpage/5584504436031488/image/6727778324447232 
https://www.educative.io/blog/recursion-in-python-tutorial , https://www.educative.io/v2api/editorpage/6425708526567424/image/6572728293785600 
https://www.educative.io/blog/system-design-interview-expert-tips , https://www.educative.io/v2api/editorpage/4876462702723072/image/5310648093769728 
https://www.educative.io/blog/aspnet-core-tutorial , https://www.educative.io/v2api/editorpage/6272284694675456/image/5249964031082496 
https://www.educative.io/blog/mongodb-vs-mysql , https://www.educative.io/v2api/editorpage/5757522428821504/image/5211476392935424 
https://www.educative.io/blog/tech-innovators-black-history-month , https://www.educative.io/v2api/editorpage/5617692050980864/image/5823025579032576 
https://www.educative.io/blog/lean-development-principles , https://www.educative.io/v2api/editorpage/5636742965624832/image/6537398463234048 
https://www.educative.io/blog/system-design-primer , https://www.educative.io/v2api/editorpage/6646688133939200/image/6590848928579584 
https://www.educative.io/blog/ap-computer-science-exam , https://www.educative.io/v2api/editorpage/6164227411148800/image/6371497432580096 
https://www.educative.io/blog/d3js-tutorial , https://www.educative.io/v2api/editorpage/4984427409571840/image/5182705984077824 
https://www.educative.io/blog/java-inheritance-tutorial , https://www.educative.io/v2api/editorpage/5667816735244288/image/6404988648030208 
https://www.educative.io/blog/lean-product-management , https://www.educative.io/v2api/editorpage/5464546972532736/image/5093943975346176 
https://www.educative.io/blog/angularjs-interview-questions , https://www.educative.io/v2api/editorpage/6213197990723584/image/6718998706651136 
https://www.educative.io/blog/rust-tutorial-from-scratch , https://www.educative.io/v2api/editorpage/5328531525992448/image/6018549143830528 
https://www.educative.io/blog/java-lambda-expression-tutorial , https://www.educative.io/v2api/editorpage/5947956966981632/image/5758486424584192 
https://www.educative.io/blog/osi-model-layers , https://www.educative.io/v2api/editorpage/6062363111849984/image/4535871141838848 
https://www.educative.io/blog/c-vs-cpp , https://www.educative.io/v2api/editorpage/5295407815458816/image/4810048073629696 
https://www.educative.io/blog/graphql-tutorial , https://www.educative.io/v2api/editorpage/6240146823839744/image/5833445280841728 
https://www.educative.io/blog/educative-github-enterprise-partnership , https://www.educative.io/v2api/editorpage/5879913303769088/image/4743115236179968 
https://www.educative.io/blog/educative-github-partnership , https://www.educative.io/v2api/editorpage/6425587271335936/image/6575741089611776 
https://www.educative.io/blog/python-versions-history , https://www.educative.io/v2api/editorpage/5469281597259776/image/4636583337132032 
https://www.educative.io/blog/what-is-redis , https://www.educative.io/v2api/editorpage/4615968400080896/image/4802720607764480 
https://www.educative.io/blog/css-color-guide , https://www.educative.io/v2api/editorpage/5209545865953280/image/6548066316845056 
https://www.educative.io/blog/best-laptop-programming-2021 , https://www.educative.io/v2api/editorpage/6042734473773056/image/6288878109982720 
https://www.educative.io/blog/angularjs-tutorial , https://www.educative.io/v2api/editorpage/5245743833546752/image/5011583642632192 
https://www.educative.io/blog/regex-javascript-tutorial , https://www.educative.io/v2api/editorpage/4879344384606208/image/4631496216805376 
https://www.educative.io/blog/react-useeffect-hook , https://www.educative.io/v2api/editorpage/4860561049780224/image/6437602844999680 
https://www.educative.io/blog/software-process-model-types , https://www.educative.io/v2api/editorpage/6570552735563776/image/5978335465701376 
https://www.educative.io/blog/top-6-tech-trends-2021 , https://www.educative.io/v2api/editorpage/5727798094725120/image/4791682860580864 
https://www.educative.io/blog/best-programming-language-learn-2021 , https://www.educative.io/v2api/editorpage/5048105947365376/image/5229231831777280 
https://www.educative.io/blog/mysql-workbench-tutorial , https://www.educative.io/v2api/editorpage/5011456416808960/image/5670008907104256 
https://www.educative.io/blog/concatenate-string-c , https://www.educative.io/v2api/editorpage/4651323924938752/image/5818764151488512 
https://www.educative.io/blog/javascript-versions-history , https://www.educative.io/v2api/editorpage/6049573835898880/image/4629665830928384 
https://www.educative.io/blog/graph-algorithms-tutorial , https://www.educative.io/v2api/editorpage/6198758669287424/image/5368296992407552 
https://www.educative.io/blog/uber-backend-system-design , https://www.educative.io/v2api/editorpage/6119815656243200/image/4831308811862016 
https://www.educative.io/blog/complete-guide-css-positions , https://www.educative.io/v2api/editorpage/5084871748222976/image/4759944671264768 
https://www.educative.io/blog/what-is-big-data , https://www.educative.io/v2api/editorpage/4802842896891904/image/4932709411979264 
https://www.educative.io/blog/distributed-systems-considerations-tradeoffs , https://www.educative.io/v2api/editorpage/4805960850210816/image/5451667156238336 
https://www.educative.io/blog/top-10-system-design-interview-questions , https://www.educative.io/v2api/editorpage/6739360683130880/image/6173580413370368 
https://www.educative.io/blog/algorithms-101-check-string-palindrome , https://www.educative.io/v2api/editorpage/4528747689017344/image/5283474441764864 
https://www.educative.io/blog/uber-data-science-interview-questions , https://www.educative.io/v2api/editorpage/5493127889027072/image/5440431471460352 
https://www.educative.io/blog/vue-js-tutorial , https://www.educative.io/v2api/editorpage/5372890665451520/image/6667181253722112 
https://www.educative.io/blog/apache-maven-tutorial , https://www.educative.io/v2api/editorpage/5729700605853696/image/4780380901605376 
https://www.educative.io/blog/not-landing-dream-tech-job , https://www.educative.io/v2api/editorpage/6700262819889152/image/5471730177409024 
https://www.educative.io/blog/top-metrics-measure-recruitment-success , https://www.educative.io/v2api/editorpage/6371672089690112/image/6576681901359104 
https://www.educative.io/blog/adonisjs-framework-tutorial , https://www.educative.io/v2api/editorpage/5598826899963904/image/5218579616628736 
https://www.educative.io/blog/data-structures-tutorial-advanced , https://www.educative.io/v2api/editorpage/4856295723630592/image/4826921347579904 
https://www.educative.io/blog/python-lambda-functions-tutorial , https://www.educative.io/v2api/editorpage/5791150464565248/image/5634869158215680 
https://www.educative.io/blog/ionic-framework-tutorial , https://www.educative.io/v2api/editorpage/6296094892359680/image/6331928811143168 
https://www.educative.io/blog/what-is-foreign-key-database , https://www.educative.io/v2api/editorpage/6394583324295168/image/5882851963174912 
https://www.educative.io/blog/getting-started-cors , https://www.educative.io/v2api/editorpage/4630276911661056/image/6721084204777472 
https://www.educative.io/blog/algorithms-101-merge-sort-quicksort , https://www.educative.io/v2api/editorpage/5574779310964736/image/5015780475797504 
https://www.educative.io/blog/javascript-array-methods-map-reduce , https://www.educative.io/v2api/editorpage/4742325427765248/image/5782792999272448 
https://www.educative.io/blog/python-quirks-tricks , https://www.educative.io/v2api/editorpage/4654181156126720/image/5894787945725952 
https://www.educative.io/blog/secure-nodejs-apps-best-practices , https://www.educative.io/v2api/editorpage/4695082456842240/image/4881850158284800 
https://www.educative.io/blog/kubernetes-deployments-strategies , https://www.educative.io/v2api/editorpage/5744315014840320/image/5659548904325120 
https://www.educative.io/blog/hardware-vs-software-components-computer , https://www.educative.io/v2api/editorpage/5174069054406656/image/6242253777928192 
https://www.educative.io/blog/top-50-java-data-structure-interview-questions , https://www.educative.io/v2api/editorpage/5774346634133504/image/4645129267707904 
https://www.educative.io/blog/blog-newsletter-annoucement , https://www.educative.io/v2api/editorpage/6724726295101440/image/6415098712162304 
https://www.educative.io/blog/what-are-sql-joins , https://www.educative.io/v2api/editorpage/4815761290297344/image/5466332787638272 
https://www.educative.io/blog/html-cheat-sheet , https://www.educative.io/v2api/editorpage/5040401837195264/image/5264920563154944 
https://www.educative.io/blog/python-update-topographical-sort , https://www.educative.io/v2api/editorpage/5550775669882880/image/5510744846630912 
https://www.educative.io/blog/fullstack-javascript-introduction , https://www.educative.io/v2api/editorpage/5650554805026816/image/4686554764148736 
https://www.educative.io/blog/javascript-loops-tutorial , https://www.educative.io/v2api/editorpage/5729093216108544/image/4507598509309952 
https://www.educative.io/blog/java-arrays-tutorial-declare-initialize , https://www.educative.io/v2api/editorpage/5202230012542976/image/4999260058681344 
https://www.educative.io/blog/deep-learning-beginner-tutorial , https://www.educative.io/v2api/editorpage/5109843336626176/image/5928871168835584 
https://www.educative.io/blog/android-development-app-kotlin , https://www.educative.io/v2api/editorpage/5890358356475904/image/6579587419996160 
https://www.educative.io/blog/linux-command-line-tutorial , https://www.educative.io/v2api/editorpage/6216355668819968/image/5311247155724288 
https://www.educative.io/blog/tips-conduct-technical-interview , https://www.educative.io/v2api/editorpage/6165932039733248/image/5513474137391104 
https://www.educative.io/blog/top-java-coding-interview-questions , https://www.educative.io/v2api/editorpage/6119523752083456/image/6508133324161024 
https://www.educative.io/blog/machine-learning-edge-system-design , https://www.educative.io/v2api/editorpage/5061151829262336/image/6229612982960128 
https://www.educative.io/blog/deep-learning-text-generation-markov-chains , https://www.educative.io/v2api/editorpage/5839589360009216/image/5101316148822016 
https://www.educative.io/blog/chaos-engineering-process-principles , https://www.educative.io/v2api/editorpage/5785049751355392/image/6142199803674624 
https://www.educative.io/blog/scikit-learn-tricks-tips , https://www.educative.io/v2api/editorpage/4894554443481088/image/5993786671890432 
https://www.educative.io/blog/top-cpp-coding-interview-questions , https://www.educative.io/v2api/editorpage/5925043698663424/image/5208766105518080 
https://www.educative.io/blog/data-structure-heaps-guide , https://www.educative.io/v2api/editorpage/5889311189762048/image/5685275102543872 
https://www.educative.io/blog/top-nlp-tasks-hugging-face , https://www.educative.io/v2api/editorpage/5921546127278080/image/5688330778836992 
https://www.educative.io/blog/solid-principles-oop-c-sharp , https://www.educative.io/v2api/editorpage/5667785534341120/image/5718914301427712 
https://www.educative.io/blog/how-to-negotiate-salary-software-developer , https://www.educative.io/v2api/editorpage/4840017208803328/image/4540455004930048 
https://www.educative.io/blog/dart-2-language-features , https://www.educative.io/v2api/editorpage/6471542409003008/image/6552707547529216 
https://www.educative.io/blog/build-post-pandemic-playbook , https://www.educative.io/v2api/editorpage/5042577718902784/image/5167720449441792 
https://www.educative.io/blog/educative-announcement-paths , https://www.educative.io/v2api/editorpage/5993583382364160/image/4602348918800384 
https://www.educative.io/blog/css-selectors-frontend-cheat-sheet , https://www.educative.io/v2api/editorpage/5278430479253504/image/5407884228689920 
https://www.educative.io/blog/educative-hired-partnership , https://www.educative.io/v2api/editorpage/5792740511055872/image/4595228206956544 
https://www.educative.io/blog/software-testing-types-101 , https://www.educative.io/v2api/editorpage/5554883074719744/image/6720592282648576 
https://www.educative.io/blog/scikit-learn-cheat-sheet-classification-regression-methods , https://www.educative.io/v2api/editorpage/5608131475275776/image/6268938567548928 
https://www.educative.io/blog/what-is-functional-programming-python-js-java , https://www.educative.io/v2api/editorpage/5595213354500096/image/5023063199449088 
https://www.educative.io/blog/what-is-jquery-javascript-library , https://www.educative.io/v2api/editorpage/4571548735242240/image/5508988719333376 
https://www.educative.io/blog/what-is-language-modeling-nlp , https://www.educative.io/v2api/editorpage/5425240984256512/image/5550458608287744 
https://www.educative.io/blog/scikit-learn-tutorial-linear-regression , https://www.educative.io/v2api/editorpage/4821867067080704/image/4510468340187136 
https://www.educative.io/blog/top-machine-learning-interview-questions , https://www.educative.io/v2api/editorpage/5115074132836352/image/5208032005849088 
https://www.educative.io/blog/react-hooks-tutorial-todo-list , https://www.educative.io/v2api/editorpage/4830463930662912/image/6227457685323776 
https://www.educative.io/blog/object-oriented-programming-concepts-java , https://www.educative.io/v2api/editorpage/5720635262107648/image/4833975678795776 
https://www.educative.io/blog/0-1-knapsack-problem-dynamic-solution , https://www.educative.io/v2api/editorpage/5984401753112576/image/6690579806158848 
https://www.educative.io/blog/what-are-database-schemas-examples , https://www.educative.io/v2api/editorpage/6594164065042432/image/4581744387817472 
https://www.educative.io/blog/what-is-natural-language-processing , https://www.educative.io/v2api/editorpage/5025226009083904/image/5803381405777920 
https://www.educative.io/blog/advanced-c-programming-concepts-for-developers , https://www.educative.io/v2api/editorpage/5298573028622336/image/6450568544387072 
https://www.educative.io/blog/animate-css-code , https://www.educative.io/v2api/editorpage/5002348756729856/image/5717003129061376 
https://www.educative.io/blog/python-script-automation-nasa-api , https://www.educative.io/v2api/editorpage/5504915739770880/image/6205046973792256 
https://www.educative.io/blog/anatomy-machine-learning-system-design-interview , https://www.educative.io/v2api/editorpage/4676373498036224/image/5562955243454464 
https://www.educative.io/blog/everything-to-know-hacktoberfest , https://www.educative.io/v2api/editorpage/5619515130904576/image/5845354208559104 
https://www.educative.io/blog/work-from-home-minimize-distraction , https://www.educative.io/v2api/editorpage/5271084466176000/image/5041735762706432 
https://www.educative.io/blog/computer-number-systems-binary-hexadecimal-conversions , https://www.educative.io/v2api/editorpage/4785075697745920/image/4817924496818176 
https://www.educative.io/blog/how-to-use-api-nasa-daily-image , https://www.educative.io/v2api/editorpage/6036067600826368/image/6124920131026944 
https://www.educative.io/blog/what-is-nodejs , https://www.educative.io/v2api/editorpage/5012433147002880/image/5193198472265728 
https://www.educative.io/blog/rxjs-tutorial-observables-operators , https://www.educative.io/v2api/editorpage/6083106485305344/image/5142091498782720 
https://www.educative.io/blog/performance-testing-tutorial-gatling-jenkins , https://www.educative.io/v2api/editorpage/4628757208891392/image/4614660740349952 
https://www.educative.io/blog/top-uses-gpt-3-deep-learning , https://www.educative.io/v2api/editorpage/5112517243174912/image/4525411504488448 
https://www.educative.io/blog/top-technologies-microservices-architecture , https://www.educative.io/v2api/editorpage/5640282824507392/image/4561140616003584 
https://www.educative.io/blog/land-tech-job-covid-lockdown , https://www.educative.io/v2api/editorpage/6668302892924928/image/6477595020361728 
https://www.educative.io/blog/python3-guide , https://www.educative.io/v2api/editorpage/6611494786564096/image/4720750391984128 
https://www.educative.io/blog/cracking-top-facebook-coding-interview-questions , https://www.educative.io/v2api/editorpage/5830268689580032/image/6384039089930240 
https://www.educative.io/blog/top-resources-technical-recruiters , https://www.educative.io/v2api/editorpage/6433286845890560/image/4924237352534016 
https://www.educative.io/blog/kubernetes-deployments-pods-services , https://www.educative.io/v2api/editorpage/4929091269558272/image/4996181611511808 
https://www.educative.io/blog/5-minute-guide-to-push-notifications-in-pwa , https://www.educative.io/v2api/editorpage/6148184383422464/image/5678707279659008 
https://www.educative.io/blog/python-tkinter-tutorial-flames-game , https://www.educative.io/v2api/editorpage/4732538063945728/image/4980109239910400 
https://www.educative.io/blog/new-educative-features-rundown , https://www.educative.io/v2api/editorpage/6287179658559488/image/4718118315229184 
https://www.educative.io/blog/educative-new-feature-rundown , https://www.educative.io/v2api/editorpage/5001410935521280/image/4832043933368320 
https://www.educative.io/blog/how-to-plan-a-coding-project , https://www.educative.io/v2api/editorpage/6348829887561728/image/5604386695806976 
https://www.educative.io/blog/what-is-django-python , https://www.educative.io/v2api/editorpage/4851104629129216/image/5817722754564096 
https://www.educative.io/blog/how-to-use-oop-in-python , https://www.educative.io/v2api/editorpage/4625273000558592/image/5481067782864896 
https://www.educative.io/blog/python-tkinter-tutorial-love-calculator-game , https://www.educative.io/v2api/editorpage/6159490616393728/image/4657988001333248 
https://www.educative.io/blog/data-structures-stack-queue-java-tutorial , https://www.educative.io/v2api/editorpage/5416414197317632/image/6328991232294912 
https://www.educative.io/blog/contribue-open-source-python-project , https://www.educative.io/v2api/editorpage/5835364164960256/image/5361119513280512 
https://www.educative.io/blog/coding-interivew-preparation-bootcamp , https://www.educative.io/v2api/editorpage/5158494666752000/image/6266372723048448 
https://www.educative.io/blog/beginners-guide-to-computers-and-programming , https://www.educative.io/v2api/editorpage/6617543946010624/image/6422101073330176 
https://www.educative.io/blog/reverse-string-javascript-cpp-python , https://www.educative.io/v2api/editorpage/5718931225444352/image/5255249810948096 
https://www.educative.io/blog/best-practices-react-developer , https://www.educative.io/v2api/editorpage/4859723219206144/image/5461486255210496 
https://www.educative.io/blog/nodejs-vs-reactjs , https://www.educative.io/v2api/editorpage/5024256839647232/image/4718983717584896 
https://www.educative.io/blog/java-agile-development , https://www.educative.io/v2api/editorpage/4534899875774464/image/6312772261380096 
https://www.educative.io/blog/python-tkinter-tutorial-rock-paper-scissors , https://www.educative.io/v2api/editorpage/5515474396774400/image/6115522063106048 
https://www.educative.io/blog/educative-writing-competition-interview , https://www.educative.io/v2api/editorpage/5779379534692352/image/6433742565408768 
https://www.educative.io/blog/data-strucutres-hash-table-javascript , https://www.educative.io/v2api/editorpage/4910944193871872/image/6631642236977152 
https://www.educative.io/blog/build-personal-brand-software-engineer , https://www.educative.io/v2api/editorpage/5046581737816064/image/5183670886334464 
https://www.educative.io/blog/operating-systems-crashcourse , https://www.educative.io/v2api/editorpage/6292006289539072/image/5581777484644352 
https://www.educative.io/blog/covid-19-transformed-tech-landscape , https://www.educative.io/v2api/editorpage/5656328245608448/image/4713446290489344 
https://www.educative.io/blog/what-is-ethical-hacking-penetration-testing , https://www.educative.io/v2api/editorpage/5695631558443008/image/6252758140190720 
https://www.educative.io/blog/what-is-database-query-sql-nosql , https://www.educative.io/v2api/editorpage/6045894932692992/image/6526134821847040 
https://www.educative.io/blog/python-faq-answer-common-python-questions , https://www.educative.io/v2api/editorpage/5246746675380224/image/4765387141939200 
https://www.educative.io/blog/git-github-tutorial-beginners , https://www.educative.io/v2api/editorpage/5541798714802176/image/4614705294344192 
https://www.educative.io/blog/kerberos-in-5-minutes , https://www.educative.io/v2api/editorpage/5513512060190720/image/6529323365302272 
https://www.educative.io/blog/r-tutorial-beginners-guide , https://www.educative.io/v2api/editorpage/4568674955427840/image/5225559064838144 
https://www.educative.io/blog/40-spring-interview-questions , https://www.educative.io/v2api/editorpage/5790781156622336/image/6068735501664256 
https://www.educative.io/blog/css-interview-questions-cheat-sheet , https://www.educative.io/v2api/editorpage/5503553574535168/image/4873614143782912 
https://www.educative.io/blog/react-design-patterns-best-practices , https://www.educative.io/v2api/editorpage/4877311942852608/image/4733561971146752 
https://www.educative.io/blog/python-tutorial-total-beginner , https://www.educative.io/v2api/editorpage/6385069808680960/image/4801398328786944 
https://www.educative.io/blog/php-tutorial-from-scratch , https://www.educative.io/v2api/editorpage/5655131962998784/image/5868314577338368 
https://www.educative.io/blog/examples-artificial-intelligence-arts , https://www.educative.io/v2api/editorpage/5625680868933632/image/5660981708455936 
https://www.educative.io/blog/best-tool-learning-code-text-video , https://www.educative.io/v2api/editorpage/5930926761574400/image/4869428798816256 
https://www.educative.io/blog/best-for-learning-code-text-video , https://lh3.googleusercontent.com/7S-ja_lX2clnm1yaqtniTtelOYoQ-684ebgxMjzsgyAFlOrIIMjZz87fbbHvcz7JB0cgnlHgHxvemvJ97Sj4tv4MJ44 
https://www.educative.io/blog/7-coding-tools-to-maximize-effectiveness , https://www.educative.io/v2api/editorpage/5365818234765312/image/5991090613125120 
https://www.educative.io/blog/sass-best-practices-frontend-coding-tips , https://www.educative.io/v2api/editorpage/5567261394862080/image/4540976476454912 
https://www.educative.io/blog/applied-data-science-pyspark-serverless-functions , https://www.educative.io/v2api/editorpage/5704122071252992/image/5258871485497344 
https://www.educative.io/blog/cracking-machine-learning-interview-system-design , https://www.educative.io/v2api/editorpage/5594181327126528/image/4627700187660288 
https://www.educative.io/blog/intermediate-cpp-tutorial , https://www.educative.io/v2api/editorpage/4872441600933888/image/5292920040062976 
https://www.educative.io/blog/coding-interview-faq-preparation-guide , https://www.educative.io/v2api/editorpage/6185369616777216/image/5058154443309056 
https://www.educative.io/blog/html-beginners-tutorial-build-from-scratch , https://www.educative.io/v2api/editorpage/5184213461499904/image/6001872692314112 
https://www.educative.io/blog/tips-beginner-python-developers , https://www.educative.io/v2api/editorpage/5929438756732928/image/4684413636968448 
https://www.educative.io/blog/python-tkinter-jumbled-words-game , https://www.educative.io/v2api/editorpage/5536097800028160/image/4990525240246272 
https://www.educative.io/blog/roadmap-to-cloud-engineer-jobs , https://www.educative.io/v2api/editorpage/5069956409458688/image/5177935511158784 
https://www.educative.io/blog/react-bootstrap-tutorial , https://www.educative.io/v2api/editorpage/5816757605367808/image/6486746733740032 
https://www.educative.io/blog/crack-top-html-interview-questions-answers , https://www.educative.io/v2api/editorpage/6657228246351872/image/6541398447751168 
https://www.educative.io/blog/data-structures-101-graphs-javascript , https://www.educative.io/v2api/editorpage/5689736497725440/image/4543628232884224 
https://www.educative.io/blog/level-up-javascript-coding-challenges , https://www.educative.io/v2api/editorpage/4926236032761856/image/4615501289357312 
https://www.educative.io/blog/celebrating-150-publications-educative-blog , https://lh3.googleusercontent.com/2K-Y8aLs2eJXHAPfTdKtgMquXX4C6JCWKO6qsX8oW4horlk4ZneQx4iUYwMpQ85mpphpUwsUpVxW03Q3wLNOqFSx1Lw5yw 
https://www.educative.io/blog/recruiting-tips-for-startups , https://lh3.googleusercontent.com/LUUePHsr7DrJQgpNN_3nHKYBvd_v4vXKu_8wy71UK3UTDnHLZkwcfiEyUDpX8mvfuM-roQrQqoYTCG8W-u9nyeU8KHo9Ag 
https://www.educative.io/blog/google-coding-interview-questions , https://www.educative.io/v2api/editorpage/5720382398005248/image/4828780179750912 
https://www.educative.io/blog/what-is-open-source-software-guide , https://www.educative.io/v2api/editorpage/6089491686096896/image/5138385405476864 
https://www.educative.io/blog/python-dynamic-programming-tutorial , https://www.educative.io/v2api/editorpage/5720439239213056/image/6403596032671744 
https://www.educative.io/blog/ace-top-15-java-algorithm-questions , https://www.educative.io/v2api/editorpage/4559392809680896/image/5698593089388544 
https://www.educative.io/blog/home-office-setup-tips-developers , https://www.educative.io/v2api/editorpage/4923691600183296/image/6652402179506176 
https://www.educative.io/blog/data-structures-linked-list-java-tutorial , https://www.educative.io/v2api/editorpage/6100383094013952/image/6012745586573312 
https://www.educative.io/blog/work-from-home-devices-for-developers , https://www.educative.io/v2api/editorpage/5545393325604864/image/4718956121161728 
https://www.educative.io/blog/artificial-intelligence-for-engineering-managers , https://www.educative.io/v2api/editorpage/5833380034772992/image/4705186078523392 
https://www.educative.io/blog/computer-networking-101 , https://www.educative.io/v2api/editorpage/5693577414836224/image/5359799760846848 
https://www.educative.io/blog/master-stream-api-and-beyond , https://www.educative.io/v2api/editorpage/5399837085270016/image/4667093384429568 
https://www.educative.io/blog/python-tkinter-tutorial-number-game , https://www.educative.io/v2api/editorpage/6492381537894400/image/5954168597512192 
https://www.educative.io/blog/docker-compose-tutorial , https://www.educative.io/v2api/editorpage/5645873548623872/image/5095975732379648 
https://www.educative.io/blog/mongodb-versus-postgresql-databases , https://www.educative.io/v2api/editorpage/6474950975160320/image/5418859092770816 
https://www.educative.io/blog/ace-javascript-design-patterns-coding-interview , https://www.educative.io/v2api/editorpage/4765437599416320/image/6393115314225152 
https://www.educative.io/blog/coding-bootcamp-formula-interviewboost , https://www.educative.io/v2api/editorpage/5881235978059776/image/5803016335654912 
https://www.educative.io/blog/write-software-development-resume , https://www.educative.io/v2api/editorpage/6285348679188480/image/6187871812714496 
https://www.educative.io/blog/diversity-inclusion-tech-industry , https://www.educative.io/v2api/editorpage/6158304318324736/image/4514523462500352 
https://www.educative.io/blog/build-modern-apps-progressive-web-apps , https://www.educative.io/v2api/editorpage/5609583692218368/image/6228380300083200 
https://www.educative.io/blog/why-developer-training-broken , https://www.educative.io/v2api/editorpage/6680572408627200/image/4609860797726720 
https://www.educative.io/blog/data-structures-arrays-javascript-tutorial , https://www.educative.io/v2api/editorpage/5315705890144256/image/5163570800099328 
https://www.educative.io/blog/programming-languages-guide , https://www.educative.io/v2api/editorpage/6096075812241408/image/6443342641496064 
https://www.educative.io/blog/pandas-cheat-sheet , https://www.educative.io/v2api/editorpage/6668392753790976/image/5773974806986752 
https://www.educative.io/blog/python-pandas-tutorial , https://www.educative.io/v2api/editorpage/5494232312709120/image/5406339766419456 
https://www.educative.io/blog/javascript-snake-game-tutorial , https://www.educative.io/v2api/editorpage/6684016653631488/image/5929780181467136 
https://www.educative.io/blog/partnership-pragmatic-programmers , https://lh3.googleusercontent.com/IFTjg2i1JG66JxuznLGw_wLK3RV0zMRrXX6KeyUWeeEA--8i_AfjOkLec0gcq5HnbT8ZgPcI0X5j1-TwvjPsYx-AJrFGIA 
https://www.educative.io/blog/changing-hiring-practices-diversity , https://lh3.googleusercontent.com/IiKU546lcnIvyHOSrmKROvLcaOi-Ub3QhGvUbvO7jkhoTxEMuCIIC5e2OnuQq2SYkHoIJe2nMVAIlnPUvDlmwJhW69lN9Q 
https://www.educative.io/blog/react-angular-vue-comparison , https://www.educative.io/v2api/editorpage/5436540852371456/image/4965476405870592 
https://www.educative.io/blog/compare-popular-frontend-javascript-frameworks , https://www.educative.io/v2api/editorpage/5780217290293248/image/5049048902926336 
https://www.educative.io/blog/become-machine-learning-engineer-free , https://www.educative.io/v2api/editorpage/4594396549873664/image/4760859734704128 
https://www.educative.io/blog/case-study-coding-accelerator-codebreakers-educative , https://www.educative.io/v2api/editorpage/6424786117853184/image/6668753329717248 
https://www.educative.io/blog/guide-competitive-programming-cpp , https://www.educative.io/v2api/editorpage/4994081693368320/image/5898426517553152 
https://www.educative.io/blog/crack-amazon-coding-interview-questions , https://www.educative.io/v2api/editorpage/4958290606817280/image/5333302639591424 
https://www.educative.io/blog/python-algorithms-coding-interview , https://www.educative.io/v2api/editorpage/6159944240857088/image/4873138383880192 
https://www.educative.io/blog/javascript-promises-tutorial , https://www.educative.io/v2api/editorpage/6559182959411200/image/5807810626453504 
https://www.educative.io/blog/excel-python-data-analytics , https://www.educative.io/v2api/editorpage/4990853639569408/image/5376366817050624 
https://www.educative.io/blog/javascript-tips-simplify-code , https://www.educative.io/v2api/editorpage/6327012999299072/image/4616718434435072 
https://www.educative.io/blog/racial-bias-machine-learning-algorithms , https://www.educative.io/v2api/editorpage/6299662244904960/image/6211096563154944 
https://www.educative.io/blog/cyber-security-guide , https://www.educative.io/v2api/editorpage/5694202752008192/image/5710203887550464 
https://www.educative.io/blog/land-tech-job-advice , https://www.educative.io/v2api/editorpage/4633348648468480/image/5832246490562560 
https://www.educative.io/blog/data-structures-trees-java , https://www.educative.io/v2api/editorpage/6224519946567680/image/5954063003811840 
https://www.educative.io/blog/flutter-tutorial , https://www.educative.io/v2api/editorpage/4642778572128256/image/6011149460963328 
https://www.educative.io/blog/beginners-guide-cloud-computation , https://www.educative.io/v2api/editorpage/6531347578355712/image/4739303142850560 
https://www.educative.io/blog/getting-acquainted-educative , https://www.educative.io/v2api/editorpage/5140055736713216/image/4511004693102592 
https://www.educative.io/blog/revamp-front-end-skills , https://www.educative.io/v2api/editorpage/6456601994067968/image/6749570907242496 
https://www.educative.io/blog/amazon-aws-best-services , https://www.educative.io/v2api/editorpage/5089276808134656/image/5324257086144512 
https://www.educative.io/blog/system-design-tinyurl-instagram , https://www.educative.io/v2api/editorpage/6349216591904768/image/4576109149552640 
https://www.educative.io/blog/mvc-tutorial , https://www.educative.io/v2api/editorpage/5029697680310272/image/5039270369689600 
https://www.educative.io/blog/learn-alexa-skills-from-amazon-for-free , https://www.educative.io/v2api/editorpage/4906414603501568/image/5961867731140608 
https://www.educative.io/blog/google-coding-interview , https://www.educative.io/v2api/editorpage/4922861589364736/image/6677894198722560 
https://www.educative.io/blog/mysql-tutorial , https://www.educative.io/v2api/editorpage/6575689680551936/image/4670199253958656 
https://www.educative.io/blog/advanced-typescript-concepts , https://www.educative.io/v2api/editorpage/6232248928960512/image/6474120549105664 
https://www.educative.io/blog/golang-tutorial , https://www.educative.io/v2api/editorpage/5819622709264384/image/4750982421413888 
https://www.educative.io/blog/database-design-tutorial , https://www.educative.io/v2api/editorpage/6694083910172672/image/5863241277243392 
https://www.educative.io/blog/recursion , https://www.educative.io/v2api/editorpage/6328295470661632/image/4781900850790400 
https://www.educative.io/blog/react-and-typescript , https://www.educative.io/v2api/editorpage/5601688942542848/image/6688001464729600 
https://www.educative.io/blog/data-structures-algorithms , https://www.educative.io/v2api/editorpage/5323562194829312/image/4539157721382912 
https://www.educative.io/blog/react-router-tutorial , https://www.educative.io/v2api/editorpage/4807683539468288/image/5379198832082944 
https://www.educative.io/blog/video-interviews-a-comprensive-guide-for-software-developers , https://www.educative.io/v2api/editorpage/6303780803969024/image/5605322551984128 
https://www.educative.io/blog/web-development-in-python , https://www.educative.io/v2api/editorpage/5984239968321536/image/5203686436372480 
https://www.educative.io/blog/object-oriented-programming , https://www.educative.io/v2api/editorpage/4792707659595776/image/5909454286487552 
https://www.educative.io/blog/kubernetes-tutorial , https://www.educative.io/v2api/editorpage/6086093540687872/image/5643187419873280 
https://www.educative.io/blog/what-is-react-tutorial , https://www.educative.io/v2api/editorpage/5272290519416832/image/4703824250929152 
https://www.educative.io/blog/understanding-and-using-prototypal-inheritance-in-javascript , https://www.educative.io/v2api/editorpage/6187859468877824/image/5404262147293184 
https://www.educative.io/blog/python-interview-questions , https://www.educative.io/v2api/editorpage/5847716581081088/image/5890364264153088 
https://www.educative.io/blog/acing-the-javascript-interview-top-questions-explained , https://www.educative.io/v2api/editorpage/4733639846789120/image/5891697046192128 
https://www.educative.io/blog/living-in-an-employers-market-as-a-developer , https://lh3.googleusercontent.com/zMNP9_T1Qwq4sd7ia1q05n7XyAZ3_QBmE1T_tYGLhHtk-Az_BD4zVlwPeeUNNYT_88026SYodSZ_WR4E47gShArERvnh 
https://www.educative.io/blog/modern-multithreading-and-concurrency-in-cpp , https://www.educative.io/v2api/editorpage/6705609052258304/image/6189857970847744 
https://www.educative.io/blog/behavioral-interviews-how-to-prepare-and-ace-interview-questions , https://www.educative.io/v2api/editorpage/6538796616122368/image/5114989925892096 
https://www.educative.io/blog/10-simple-team-building-activities-for-remote-teams , https://www.educative.io/v2api/editorpage/4651885412745216/image/5686517935636480 
https://www.educative.io/blog/javascript-data-structures , https://www.educative.io/v2api/editorpage/6094484883374080/image/4721244839608320 
https://www.educative.io/blog/microservices-architecture-tutorial-all-you-need-to-get-started , https://www.educative.io/v2api/editorpage/4950544503275520/image/6221176822038528 
https://www.educative.io/blog/github-reimagining-technical-recruiting-process , https://lh3.googleusercontent.com/choZ1kn55ndVVhhBOZLjSVYwuPxLEh-Y4KxDNhM3l8ZMsKWcEFS01SbooQosoab79GXrckcsMQZPA93dEQhm6qb16DYu 
https://www.educative.io/blog/what-is-aws-lambda , https://www.educative.io/v2api/editorpage/6380423539064832/image/5556403243581440 
https://www.educative.io/blog/how-to-develop-an-android-app , https://www.educative.io/v2api/editorpage/6324959874908160/image/4865633536704512 
https://www.educative.io/blog/sass-tutorial-unit-testing-with-sass-true , https://www.educative.io/v2api/editorpage/5569937742495744/image/5019583988629504 
https://www.educative.io/blog/sass-for-css-advance-frontend-skills , https://www.educative.io/v2api/editorpage/6188663349182464/image/4794467203678208 
https://www.educative.io/blog/typescript-tutorial , https://www.educative.io/v2api/editorpage/5765104277651456/image/5194598537232384 
https://www.educative.io/blog/15-javascript-courses-learn-web-dev-html-and-css , https://www.educative.io/v2api/editorpage/6006247229751296/image/6689982736498688 
https://www.educative.io/blog/how-to-learn-kotlin-a-guide-for-beginners-and-android-developers , https://www.educative.io/v2api/editorpage/6517938560434176/image/4803927305355264 
https://www.educative.io/blog/why-i-use-firebase-for-everything-i-build , https://www.educative.io/v2api/editorpage/6551212410273792/image/5460815307079680 
https://www.educative.io/blog/learn-how-to-code-beginners-guide , https://www.educative.io/v2api/editorpage/4778911335448576/image/6289910425190400 
https://www.educative.io/blog/how-to-design-a-web-application-software-architecture-101 , https://www.educative.io/v2api/editorpage/5652651296423936/image/4663307031019520 
https://www.educative.io/blog/junior-developer-survival-guide , https://www.educative.io/v2api/editorpage/5056376331042816/image/4816738832089088 
https://www.educative.io/blog/javascript-es6-tutorial-a-complete-crash-course , https://www.educative.io/v2api/editorpage/5330288608542720/image/6288755792019456 
https://www.educative.io/blog/how-to-become-a-blockchain-developer-a-complete-guide , https://www.educative.io/v2api/editorpage/5537977011798016/image/5570258699026432 
https://www.educative.io/blog/a-quick-dive-into-firebase , https://www.educative.io/v2api/editorpage/5537938197708800/image/6133611666341888 
https://www.educative.io/blog/15-free-programming-courses-for-developers , https://www.educative.io/v2api/editorpage/4633464658722816/image/4844288916062208 
https://www.educative.io/blog/jobs-you-might-not-think-to-apply-for , https://www.educative.io/v2api/editorpage/4828932412014592/image/5105724364423168 
https://www.educative.io/blog/strategic-metrics-making-a-case-for-your-training-budget , https://www.educative.io/v2api/editorpage/5643156893728768/image/5323260162998272 
https://www.educative.io/blog/software-developer-trends-of-2020-and-beyond , https://www.educative.io/v2api/editorpage/5475371563614208/image/4617605089329152 
https://www.educative.io/blog/why-java-is-more-secure-than-other-languages , https://www.educative.io/v2api/editorpage/4691160263032832/image/6171700451344384 
https://www.educative.io/blog/python-flask-tutorial , https://www.educative.io/v2api/editorpage/6196871006519296/image/6316021754363904 
https://www.educative.io/blog/5-tips-to-build-a-transformative-learning-program , https://www.educative.io/v2api/editorpage/5761634673885184/image/6184078278656000 
https://www.educative.io/blog/top-10-technologies-of-the-last-decade , https://www.educative.io/v2api/editorpage/6228372142161920/image/6679118725775360 
https://www.educative.io/blog/7-hard-truths-about-starting-a-career-as-a-developer , https://www.educative.io/v2api/editorpage/6727861470756864/image/5443631889514496 
https://www.educative.io/blog/exploring-data-science-with-microsofts-applied-ai-engineer , https://lh3.googleusercontent.com/MQ1KrmAfhXNwRIPTNMDE-aNgQ7ZwOaXlvTg6TQ2P23fQs7oC6aamU3OxBTATB1y_ibkTKhD9uRnV8T_BWwdWU9c5LRXVmz8 
https://www.educative.io/blog/your-path-to-becoming-a-senior-dev , https://www.educative.io/v2api/editorpage/5127171182952448/image/5690230205054976 
https://www.educative.io/blog/why-and-when-you-should-use-kubernetes , https://www.educative.io/v2api/editorpage/6167936248053760/image/5784232140996608 
https://www.educative.io/blog/what-software-technologies-will-earn-you-the-highest-pay , https://lh3.googleusercontent.com/6zurhcJj0qwAIIS955er8vfrJRhzdysYzarBh_pbX0SXSXb2l0twn4aOa7BMaKVT4t7YAGgcKzxWhxIsloHhpf0_wc5C 
https://www.educative.io/blog/top-10-ml-algorithms-for-data-science-in-5-minutes , https://www.educative.io/v2api/editorpage/6001456604774400/image/5713346172026880 
https://www.educative.io/blog/scala-101-a-beginners-guide , https://www.educative.io/v2api/editorpage/5304925367042048/image/4851339138957312 
https://www.educative.io/blog/open-mind-is-key-to-career-success , https://www.educative.io/v2api/editorpage/6637367530094592/image/4912491789287424 
https://www.educative.io/blog/behind-the-screens-what-happens-when-you-type-a-url-in-a-browser , https://www.educative.io/v2api/editorpage/5943045435424768/image/5360569386270720 
https://www.educative.io/blog/top-five-concurrency-interview-questions-for-software-engineers , https://www.educative.io/v2api/editorpage/5469828485742592/image/4873420807340032 
https://www.educative.io/blog/the-evolution-of-react , https://www.educative.io/v2api/editorpage/4545022034706432/image/4523012477943808 
https://www.educative.io/blog/why-we-are-teaching-students-to-code-for-free , https://lh3.googleusercontent.com/W57lUMRIkW0XpkcjROKUga17ZMILybXtxuzbD0tNZQbM-G4jK-JgLxkLkCaX_1_YGOOUcs3KFSTNX4K6aK4xNiwCGM3hHYs 
https://www.educative.io/blog/how-to-learn-cpp-the-guide-for-beginners , https://www.educative.io/v2api/editorpage/5393602882568192/image/6038586442907648 
https://www.educative.io/blog/machine-learning-for-data-science , https://www.educative.io/v2api/editorpage/5357901372719104/image/5684062662426624 
https://www.educative.io/blog/level-up-python-skills , https://www.educative.io/v2api/editorpage/6562193455710208/image/5276933954732032 
https://www.educative.io/blog/learn-java-from-scratch , https://www.educative.io/v2api/editorpage/6402891239653376/image/5261134581989376 
https://www.educative.io/blog/beginner-guide-to-web-dev , https://www.educative.io/v2api/editorpage/6329443406577664/image/6277565637459968 
https://www.educative.io/blog/docker-kubernetes-beginners-guide , https://www.educative.io/v2api/editorpage/4679616276987904/image/4833294770241536 
https://www.educative.io/blog/empowering-women-in-the-tech-world , https://lh3.googleusercontent.com/pOcxCegogzZmfO1IeW_0qKyrM4ZrQXvxjqFemOJb0T8Hq88XkVNRkrhS4MhfLTK5sOJICK8u_WKgVnCSKZvEy1fIFu1QVdM 
https://www.educative.io/blog/10-tips-for-managing-time-estimations-on-coding-projects , https://www.educative.io/v2api/editorpage/5076014562541568/image/5160663503601664 
https://www.educative.io/blog/why-a-faang-company-may-not-be-right-for-you , https://www.educative.io/v2api/editorpage/6031152475275264/image/6084721723310080 
https://www.educative.io/blog/5-tried-and-true-techniques-to-prepare-for-a-coding-interview , https://www.educative.io/v2api/editorpage/5405094159843328/image/5568485822300160 
https://www.educative.io/blog/building-dev-tools-and-designing-c-sharp-interview-eric-lippert , https://www.educative.io/v2api/editorpage/6578733290881024/image/4517957046632448 
https://www.educative.io/blog/python-concurrency-making-sense-of-asyncio , https://www.educative.io/v2api/editorpage/5000884578680832/image/6685592077205504 
https://www.educative.io/blog/deploying-my-first-service-on-kubernetes-demystifying-ingress , https://www.educative.io/v2api/editorpage/5278588616048640/image/5333056921534464 
https://www.educative.io/blog/5-ways-recruiters-can-build , https://lh3.googleusercontent.com/sSyF6Q28vEpwm3Y_-zdVIj0BJ297N5O8Q0DDmP8BBylBLxxdy3VT7VPBYvKXMFlw-aSuDFSvLuf46CAA-tW1_aAPdz-pbF0 
https://www.educative.io/blog/bash-shell-command-cheat-sheet , https://www.educative.io/v2api/editorpage/5106263052517376/image/6584485703319552 
https://www.educative.io/blog/coffee-break-with-nikola-zivkovic , https://www.educative.io/v2api/editorpage/4529703555694592/image/4829344566345728 
https://www.educative.io/blog/pods-services-deployments , https://www.educative.io/v2api/editorpage/6261844807254016/image/5746721529266176 
https://www.educative.io/blog/understand-currying , https://www.educative.io/v2api/editorpage/6387284360298496/image/5668380218490880 
https://www.educative.io/blog/the-resurgence-of-scala-in-2019 , https://www.educative.io/v2api/editorpage/5824334406877184/image/6099566581514240 
https://www.educative.io/blog/react-hooks-components-and-design-patterns , https://www.educative.io/v2api/editorpage/6018530514305024/image/5753173610332160 
https://www.educative.io/blog/conversations-with-the-worlds-javascript-developers-part-1 , https://www.educative.io/v2api/editorpage/5206778239254528/image/6107900520955904 
https://www.educative.io/blog/how-to-learn-python-in-5-easy-steps , https://www.educative.io/v2api/editorpage/5769262457159680/image/4705152466419712 
https://www.educative.io/blog/the-practical-approach-to-machine-learning-for-software-engineers , https://www.educative.io/v2api/editorpage/5476234119086080/image/5675345548148736 
https://www.educative.io/blog/how-to-deploy-your-machine-learning-model , https://www.educative.io/v2api/editorpage/5388058977370112/image/6639914001104896 
https://www.educative.io/blog/multithreading-and-concurrency-fundamentals , https://www.educative.io/v2api/editorpage/6525214819090432/image/4706133161803776 
https://www.educative.io/blog/15-java-interview-questions , https://www.educative.io/v2api/editorpage/4556201356427264/image/6328501558837248 
https://www.educative.io/blog/roadmap-to-become-a-front-end-developer , https://www.educative.io/v2api/editorpage/5904327870775296/image/6402948642897920 
https://www.educative.io/blog/javascript-oop-primer , https://www.educative.io/v2api/editorpage/5106968299569152/image/4688515004628992 
https://www.educative.io/blog/vue-js-component-jest , https://lh3.googleusercontent.com/zGT00xy9PmlbA0fnMLQACbxaEB5nHNvR6RtsTA0Z_YBZvB-CpDO0enofnNcNl_RctvlrSq08yChZUWWWOMMFgi9r7l-n_sM 
https://www.educative.io/blog/ml-industry-university , https://www.educative.io/v2api/editorpage/5015839931629568/image/5907112116879360 
https://www.educative.io/blog/ml-microsoft-and-google , https://www.educative.io/v2api/editorpage/5938125270417408/image/6326540335841280 
https://www.educative.io/blog/5-java-techniques-strings-arrays , https://www.educative.io/v2api/editorpage/6186459272839168/image/6474812692627456 
https://www.educative.io/blog/algorithms-an-interview-refresher , https://www.educative.io/v2api/editorpage/5993162860396544/image/6387039647825920 
https://www.educative.io/blog/coding-bootcamp , https://www.educative.io/v2api/editorpage/4979664764272640/image/4650405021614080 
https://www.educative.io/blog/the-insiders-guide-to-recursion , https://www.educative.io/v2api/editorpage/5409513848963072/image/4660143188869120 
https://www.educative.io/blog/how-and-why-to-become-a-machine-learning-engineer , https://www.educative.io/v2api/editorpage/5884875024367616/image/4962906573635584 
https://www.educative.io/blog/web-developer-faq , https://www.educative.io/v2api/editorpage/6478102316187648/image/5722359266803712 
https://www.educative.io/blog/6-dp-problems-to-solve-for-your-next-coding-interview , https://www.educative.io/v2api/editorpage/4941618165579776/image/5488903836401664 
https://www.educative.io/blog/a-big-o-primer-for-beginning-devs , https://www.educative.io/v2api/editorpage/5870871921033216/image/6036875259150336 
https://www.educative.io/blog/the-journey-to-become-a-full-stack-js-developer-starts-here , https://www.educative.io/v2api/editorpage/5429180235776000/image/5343340281200640 
https://www.educative.io/blog/now-is-the-perfect-time-to-learn-c , https://www.educative.io/v2api/editorpage/5911116301467648/image/4822169085280256 
https://www.educative.io/blog/the-7-most-important-software-design-patterns , https://www.educative.io/v2api/editorpage/5711757341360128/image/5933465499336704 
https://www.educative.io/blog/so-you-know-c-now-its-time-to-learn-the-standard-library , https://www.educative.io/v2api/editorpage/4861830356795392/image/4792492404768768 
https://www.educative.io/blog/build-an-app-from-scratch-with-vue-js , https://www.educative.io/v2api/editorpage/6574139965964288/image/4932550013222912 
https://www.educative.io/blog/java-multithreading-and-concurrency-what-to-know-for , https://www.educative.io/v2api/editorpage/5308048971137024/image/5857402285457408 
https://www.educative.io/blog/understanding-redux , https://www.educative.io/v2api/editorpage/5186775737696256/image/6611525209948160 
https://www.educative.io/blog/guide-to-the-ultimate-candidate-experience , https://lh3.googleusercontent.com/H7wDU-LE2ialX5WVnlZBjf6DsKmEh5uwrQrLJ96oAjHbR7BiOThr8mI3L5otSh-XwD1p-q1_bf83n-EbGSwU26wW2fhMfw 
https://www.educative.io/blog/c-is-a-good-first-language-to-learn , https://www.educative.io/v2api/editorpage/6121635901865984/image/6426417350836224 
https://www.educative.io/blog/why-companies-need-to-invest-in-tech-interview-prep , https://lh3.googleusercontent.com/s-rUGjG5PXf3IUZaBNrRNihtKIDbv8JlYCD31ElGLwJ-s7YYx5ShcJMqSHQSsq3G7kd4nSlAqUm6hCS9R1SgfGul7xPb07E 
